,precision,recall,f1-score,support
0,0.9333333333333333,0.7567567567567568,0.835820895522388,37.0
1,0.82,0.9534883720930233,0.8817204301075269,43.0
accuracy,0.8625,0.8625,0.8625,0.8625
macro avg,0.8766666666666667,0.8551225644248901,0.8587706628149574,80.0
weighted avg,0.8724166666666665,0.8625,0.8604918953619002,80.0
