boosting_type,num_leaves,max_depth,learning_rate,n_estimators,min_child_samples,subsample,colsample_bytree,reg_alpha,reg_lambda,min_split_gain
gbdt,101,8,0.013074058001029213,915,10,0.9958283669942376,0.847939231740106,7.257247040899948e-06,0.015339633603651717,2.1928812867049454e-07
